Brand,Frequency
바잇미,45
골드로니,32
네츄럴코어,31
테라카니스,30
닥터맘마,30
디어니스트키친,28
까모까모,25
스텔라앤츄이스,23
오픈팜,23
내추럴키티,20
하림,17
카카토,15
오리젠,14
아카나,14
리치즈박스,13
스누트,12
빈티지,12
날라의,12
더텐,11
프론티어,11
브릿,10
헬시쇼어스,10
쉐지애,10
쉐지애,10
The,10
지위픽,9
윔지스,9
로렌츠,9
내추로,8
트라이벌,8
맥아담스,8
프라이멀,8
수파,8
빅스비,7
폭스펫,7
청담닥터스랩,7
마이베프,7
카이마타,7
나우,7
코코테라피,6
트릿테이블,6
언더더씨,6
아르테미스,6
와그,6
알파펫,6
로우터너티브,6
카르나4,6
하이독,6
아투,6
빌리앤마것,6
아루바,5
펄포즈,5
로우즈,5
바잇미,5
폴카독,5
요라,4
허즈,4
올박스,4
포틀랜드,4
로렌츠밀크,4
펄프레쉬,4
언터치드,4
부부스베스트,4
젠틀베이크,4
난디,4
퓨어비타,3
카니러브,3
조이,3
더햄프,3
고위드테일,3
펫츠그린,3
네츄럴EX,3
아보덤,3
마이펫파티쉐리,3
메디코펫,3
알파벳,3
인섹트도그,3
릴리스키친,3
퍼스트메이트,3
지그니쳐,3
브이알에스,3
벨포아,3
시그니쳐바이,3
라포그,2
피너클,2
브이플래닛,2
베지포독,2
드룰린,2
도기맨,2
로투스,2
동원,2
롬트릿,2
아이누,2
트루라인,2
투메케,2
고메이트,2
포펫,2
에코펫위드,2
웰니스,2
카루,2
피쉬포독,2
하림,2
WOOF,2
네이처스어드벤티지,2
포켄스,2
스몰배치,2
디바크,2
지그니쳐,2
펫분,2
스탠바이미,1
굿펫키친,1
골드로니,1
아투,1
베기도그,1
프라이멀,1
토모조,1
펫보타닉스,1
빅스비,1
카니러브,1
그랜마,1
디어니스트키친,1
드룰린,1
바잇미,1
라핑독,1
빌리앤마것,1
제로랩스,1
바잇미,1
슈퍼포우,1
피너클,1
칸타나,1
올리브,1
엔토벳,1
너를,1
켈틱,1
로렌츠스틱,1
닥터리,1
게더,1
힐스,1
