Ingredient,Frequency
당근,266
타우린,183
고구마,174
염화콜린,149
염화칼륨,145
브로콜리,129
닭고기,127
사과,126
강황,123
블루베리,122
호박,110
연어오일,107
엽산,105
비타민E,105
시금치,104
아마씨,104
글루코사민,101
소금,97
탄산칼슘,96
크랜베리,91
완두콩,82
미네랄,82
코코넛오일,77
케일,76
L카르니틴,76
맥주효모,76
단호박,75
비타민합제,69
판토텐산칼슘,66
리보플라빈,66
감자,63
계란,62
이눌린,61
연어,60
정제수,59
감자전분,58
쌀,58
비타민,55
프락토올리고당,55
해바라기오일,54
로즈마리추출물,54
병아리콩,53
비타민B12,52
비타민D3,51
파슬리,51
녹색입홍합,51
아셀렌산나트륨,50
요오드산칼슘,48
글리세린,48
로즈힙,47
유카추출물,46
비타민A,46
완두,44
타피오카전분,44
천연향료,43
타피오카,42
비오틴,41
천일염,41
토마토,41
혼합토코페롤,40
계피,40
칠면조,39
레시틴,39
사탕무박,38
닭간,37
소고기,37
남방대구,37
양조효모,37
허브혼합,37
식물성글리세린,36
염화나트륨,35
인산삼칼슘,35
티아민질산염,35
미네랄합제,34
소르빈산칼륨,34
현미,33
렌틸콩,33
해바라기유,33
신선한 칠면조,33
라벤더,32
셀룰로오스,32
스피루리나,32
코코넛,32
쌀가루,32
토코페롤,31
닭지방,31
치커리뿌리,31
치아씨드,31
해초,31
참치,31
단근,31
비타민E보충제,30
피리독신 염산염,30
비타민B1질산염,30
DL메티오닌,30
비트,29
리보플라빈 보충제,29
미량광물질류합제,29
귀리,29
티아민,28
니아신,28
유카,28
양배추,28
알팔파,28
건조다시마,27
킬레이트아연아미노산,27
킬레이트철분아미노산,27
킬레이트구리아미노산,27
유기농 당근,27
정제소금,27
한천,26
비타민 E 보충제,26
해조분,26
비타민C,26
효모추출물,26
비타민 B12 보충제,25
세이지,25
로즈마리,25
오리고기,25
난각분말,25
MSM,25
닭가슴살,25
SHMP,25
염산피리독신,24
구리 단백질 화합물,24
호로파,24
비타민B2,24
녹차추출물,24
L라이신,24
인산칼슘,24
비타민D3보충제,23
비타민B12보충제,23
철 단백질 화합물,23
망간 단백질 화합물,23
프리바이오틱스,23
청어,23
이집트콩,23
보리,23
치즈,23
호박씨,22
아연,22
치커리이눌린,22
고등어,22
샐러리,22
아마인유,22
비타민A보충제,21
나이아신보충제,21
닭 간,21
아미노산합제,21
애호박,21
나이아신,21
박하,21
연어유,20
인산나트륨,20
나이아신 보충제,20
비타민 A 보충제,20
구리,20
비타민D,20
청경채,20
로즈마리 추출물,20
믹스토코페롤,20
마누카꿀,20
산도조절제,20
황태,20
스쿼시호박,19
건조 바실러스 코아귤런스 발효산물,19
아셀렌산 나트륨,19
비타민 D3 보충제,19
구연산,19
마리골드,19
정어리,19
사과분말,19
황산아연,19
유기농 호박,19
셀레늄효모,18
건조 락토바실러스 아시도필루스 발효산물,18
건조 비피도박테리움 롱검 발효산물,18
아연 단백질 화합물,18
비타민B1,18
칼슘,18
피리독신염산염,18
오리,18
오레가노,18
바질,18
고구마분말,18
렌즈콩,18
흰살생선,18
다시마분말,18
배,18
생선기름,18
유기농 고구마,18
점성 다당류,18
유기농 케일,17
카모마일,17
플라보노이드,17
구아검,17
카놀라유,17
프로폴리스,17
콜라겐,17
유기농 해바라기씨,17
프로필렌글리콜,17
페뉴그릭 씨,16
정제염,16
유기농 브로콜리,16
유기농 블루베리,16
비타민 E,16
어유,16
아연단백질화합물,16
토마토분말,16
천연토코페롤,16
마조람,16
비트펄프,16
유기농 현미,16
로즈마리분말,16
코코넛 오일,15
민들레,15
밀크시슬,15
페뉴그릭씨드,15
킬레이트망간아미노산,15
우엉뿌리,15
망간단백질화합물,15
잔탄검,15
닭기름,15
후코이단,15
캐롭분말,15
대두유,15
유기농 코코넛 오일,15
젤라틴,15
건조켈프,14
d판토텐산 칼슘,14
고수,14
초록입홍합,14
완두콩녹말,14
건조된켈프,14
신선한통호박,14
신선한통버터넛스쿼시,14
신선한통주키니,14
신선한통당근,14
신선한통사과,14
신선한통배,14
건조된치커리뿌리,14
신선한케일,14
신선한시금치,14
신선한순무잎,14
통크랜베리,14
통블루베리,14
마시멜로우뿌리,14
천연향,14
퀴노아,14
파프리카,14
비타민미네랄 합제,14
비타민제합제,14
스피루리나분말,14
치커리,14
아마인,14
유기농 녹두,14
소브산칼륨,14
칠면조 간,13
연어 오일,13
건조 켈프,13
사과식초,13
빌베리,13
달걀껍데기가루,13
가수분해연어,13
건조효모,13
통병아리콩,13
통붉은렌틸콩,13
밀크씨슬,13
건조로즈마리,13
흰살생선분말,13
규조토,13
완두콩단백질,13
닭고기육수,13
브로컬리,13
건조닭고기,13
미량광물질,13
멀베리,13
오렌지,13
카우베리,13
스피룰리나,13
사향초,13
캐모마일,13
스팅잉네틀,13
아니스,13
바실러스 서브틸리스,13
물,13
메티오닌,13
달맞이꽃 씨,13
각종 비타민과 미네랄,13
산양유,13
셀룰로스,13
칠면조간,12
유기농 아마씨,12
요오드화칼륨,12
닭 지방,12
타임,12
양고기,12
파스닙,12
명태유,12
통녹색렌틸콩,12
소간,12
코코넛가루,12
호박씨가루,12
수수,12
케이지프리닭고기,12
천연닭고기향,12
아마씨오일,12
가수분해닭고기,12
유기농 통보리,12
치킨,12
몬모릴로나이트 클레이,12
브로멜라인,12
비타민미네랄믹스,12
무농약 송화버섯,12
생선살,12
엑스트라버진올리브유,12
건조 다시마,11
인산이칼슘,11
철 단백질화합물,11
구리 단백질화합물,11
완두콩 단백질,11
코코넛분말,11
유기농 크랜베리,11
신선한닭내장육,11
신선한계란,11
신선한비트그린,11
제이인산칼슘,11
돼지고기,11
청어분말,11
오메가3,11
파인애플,11
보스웰리아,11
이스트,11
블루베리분말,11
황산망간,11
동애등에,11
생선오일,11
젖산,11
비타민제,11
귀리식이섬유,11
베타카로틴,11
유기농 사과 식초,11
유청분말,11
닭 모래주머니,10
티아민 질산염,10
건조 페디오코커스 애시디락티시 발효산물,10
생 통 메롤루사,10
통 붉은 렌틸콩,10
통 병아리콩,10
통 녹색 렌틸콩,10
완두분말,10
닭심장,10
피쉬콜라겐,10
차전자피,10
뮤코다당,10
대구,10
유기농 통아마씨,10
유카시디게라 추출물,10
씨벅턴 열매,10
혼합곡물,10
염화칼슘,10
생강,10
계유,10
야자유,10
야채 글리세린,10
칠면조 모래주머니,9
밀웜,9
철,9
쥬키니호박,9
자유 방목 계란,9
아몬드 분말,9
햄프 분말,9
녹색 잎 홍합,9
해초 분말,9
철분,9
망간 단백질화합물,9
신선한 닭 내장육,9
신선한 계란,9
생 칠면조 간,9
통 호랑이콩,9
렌틸 섬유질,9
완두콩 녹말,9
건조된 켈프,9
신선한 통 버터넛 스쿼시,9
신선한 통 주키니,9
신선한 통 당근,9
신선한 통 사과,9
신선한 통 배,9
신선한 케일,9
신선한 시금치,9
통 크랜베리,9
통 블루베리,9
마시멜로우 뿌리,9
닭 심장,9
마누카 꿀,9
건조바실러스코아귤런스발효산물,9
생칠면조간,9
다시마,9
닭,9
칠면조고기,9
돼지 간,9
망간,9
천연 항산화제,9
제일인산칼슘,9
곡류,9
유기농 통귀리,9
프락토 올리고당,9
브로콜리분말,9
녹차분말,9
케일분말,9
시금치분말,9
가수분해오리,9
프로바이오틱스,9
다당류검,9
건조 당근,9
건조사과,9
유기농 사과,9
맥아 추출물,9
요오드,8
L카르티닌,8
마늘,8
통 완두콩,8
신선한 통 호박,8
건조된 치커리뿌리,8
신선한 비트 그린,8
신선한 순무 잎,8
통 사스카툰베리,8
우엉 뿌리,8
혼합 토코페롤,8
어유분말,8
아연아미노산킬레이트,8
구리아미노산킬레이트,8
렌틸섬유질,8
통호랑이콩,8
통흰강낭콩,8
통완두콩,8
통사스카툰베리,8
조단백질 이상,8
조지방 이상,8
조섬유 이하,8
조회분 이하,8
수분 이하,8
칼슘 이상,8
인 이상,8
피쉬오일,8
카놀라오일,8
비타민 합제,8
요오드08mg,8
뮤코다당단백,8
알로에,8
비타민 B12,8
셀렌산나트륨,8
병아리 콩,8
삼인산 나트륨,8
치커리 추출물,8
치아 씨앗,8
돼지간,8
해조분말,8
꿀,8
비타민미네랄합제,8
흰색강낭콩,8
우뭇가사리,8
효소추출물,8
치아씨,8
생강뿌리분말,8
아보카도분말,8
블랙베리분말,8
당근분말,8
카모마일분말,8
크랜베리분말,8
회향씨분말,8
파파야분말,8
파프리카분말,8
파슬리분말,8
페퍼민트잎분말,8
파인애플분말,8
석류분말,8
호박분말,8
켈프분말,8
타임분말,8
강황분말,8
아르코빌포스페이트,8
황산철,8
구리단백질,8
D칼슘판노텐산,8
식물성단백질,8
소르빈살칼륨,8
새우,8
난황,8
블랙커런트,8
통밀,8
건조사탕무박,8
황산마그네슘,8
유기농 호박씨,8
유기농 로즈마리 추출물,8
유기농 퀴노아,8
유기농 알팔파 분말,8
유기농 해바라기 씨앗,8
비타민과 미네랄,8
홍삼,8
프리미엄생유산균19종,8
산성피로인산나트륨,8
혼합성보조사료,8
프로폴리스추출물,8
메타인산나트륨,8
덱스트라나아제,8
박하향,8
생 감자,8
칼슘카보네이트,8
한천가루,8
고구마가루,8
비타민 C,8
국내산무항생제닭안심,8
건조 페디오코커스 에시디락티시 발효산물,7
자유 방복한 소의 그린트라이프,7
유기농 귀리,7
비타민D3 보충제,7
양뼈,7
양신장,7
켈프,7
닭살코기,7
호로파씨,7
조,7
비타민E50mg,7
아연60mg,7
키토산,7
철단백질화합물,7
구리단백질화합물,7
닭위,7
딸기,7
건조연어,7
글리세린지방산에스테르,7
올리브유,7
비트식이섬유,7
유기농 완두,7
유화제,7
바나나,7
베타글루칸,7
건조토마토,7
통수수,7
옥수수글루텐박,7
통옥수수,7
D토코페롤,7
감자가루,7
레드렌틸,7
건조계란껍질,7
개구리밥단백질,7
건조비타민나무,7
건조생강,7
건조블루베리,7
건조크렌베리,7
건조타임,7
콘드로이친설페이트,7
올리고당,7
식물성 글리세린,7
옥수수전분,7
수분을 제거한 감자,6
건조된 사과,6
수분을 제거한 유기농 다시마,6
닭 연골,6
니아신 보충제,6
칠면조육수,6
뉴질랜드초록입홍합,6
사과박,6
인산 삼칼슘,6
칠면조 심장,6
살구,6
생 통 청어,6
통 흰 강낭콩,6
비타민 D3,6
생통청어,6
생칠면조살코기,6
해바라기 오일,6
비타민B6,6
병아리콩섬유질,6
통사스가툰베리,6
닭고기 육수,6
구리3mg,6
식물섬유질,6
건조오렌지,6
회향,6
아티초크잎,6
파파야,6
나트륨,6
생강뿌리,6
캥거루,6
감자전분 천연향,6
천연색소,6
홀 필드 콩,6
건조 알파파,6
천연착향료,6
계란분말,6
천연착색제,6
건조바실러스코아귤런스 발효산물,6
포스트 바이오틱스,6
건조 치커리 뿌리,6
녹차,6
해바라기씨 오일,6
연근,6
생선육수,6
송어,6
혼합토코페롤 보존,6
요오드첨가식염,6
캐롭,6
유기농 사과식초,6
유기농 고수,6
유기농 생강,6
달걀,6
유기농 보리 발아씨앗,6
유기농 아마 발아씨앗,6
유기농 렌틸콩 발아씨앗,6
유기통 완두콩 발아씨앗,6
유기농 호박 씨앗,6
유기농 건조 켈프,6
아마씨 분말,6
청어 오일,6
아마씨 가루,6
뉴질랜드 초록입 홍합,6
제이인산포타슘,6
철분 단백화합제,6
아연단백화합제,6
구리단백화합제,6
망간단백화합제,6
히알루론산,6
감태추출물,6
EPADHA,6
가수분해 초록입홍합 복합물,6
유익균 합제,6
다시마가루,6
비타민·미네랄 합제,6
말토덱스트린,6
우유,6
유당분해효소,6
클로렐라,6
테아닌,6
팽화미,6
오리안심,6
자연산 미역귀,6
자연방목 무항생제 난각,6
소우신,6
솔비톨,6
피넛버터,6
탈지대두분말,6
불활성효모,6
소간분말,6
함수결정포도당,6
칠면조뼈육수,5
수분을 제거한 놓아 기른 칠면조,5
페뉴그릭씨,5
d판토텐산칼슘,5
건조감자,5
비트섬유,5
사슴고기,5
타피오카 전분,5
칠면조 목,5
콜리플라워,5
유카 추출물,5
아로니아,5
닭연골,5
신선한닭살코기,5
통황색완두콩,5
우엉분말,5
비트뿌리,5
칠면조심장,5
칠면조살코기,5
금잔화,5
오리간,5
오리염통,5
뼈를발라낸신선한닭고기,5
통녹색완두콩,5
건조칠면조고기,5
농축완두단백,5
고구마전분,5
정제닭기름,5
탄닌,5
아사이베리,5
건조 파슬리,5
건조 연어,5
비타민E 보충제,5
비타민A 보충제,5
신선한 닭고기,5
비트분말,5
건조 비트루트,5
치커리 펄프,5
옥수수,5
세이지추출물,5
채소,5
무기질,5
건조캘프,5
건조바질,5
로커스트콩검,5
비타민A아세테이트,5
티아민 모노니트레이트,5
코발트 단백질 화합물,5
녹두,5
건조크릴,5
유기농 보리,5
녹차 추출물,5
식초,5
건조 사과,5
건조 크랜베리,5
아연 프로테이트,5
철 프로테이트,5
구리 프로테이트,5
망간 프로테이트,5
녹말,5
미네랄 합제,5
황산아연 일수화물,5
셀레나이트 나트륨,5
코엔자임Q10,5
프로테아제,5
D솔비톨,5
마누카,5
코코넛과즙,5
루테인,5
칸탈루프추출분말,5
이스트엑기스분말,5
분리유청단백분말,5
효소처리스테비아,5
분말베이컨향,5
이탈리안파슬리,5
케이지프리칠면조,4
구리단백화합물,4
철분단백화합물,4
망간단백화합물,4
아연단백화합물,4
수분을 제거한 당근,4
건조된 바나나,4
EPA,4
DHA,4
건조 닭고기,4
부분가수분해효모,4
건조 칠면조,4
제삼인산칼슘,4
수분을 제거한 꿀,4
수분을 제거한 양배추,4
건조된 마늘,4
양위,4
양폐,4
양심장,4
양간,4
양비장,4
양연골,4
수분을제거한자연살흰살생선,4
건조된유기농코코넛,4
수분을제거한호박,4
해조류,4
생 칠면조 살코기,4
가르시니아캄보지아추출물,4
그린콩,4
우무,4
철아미노산킬레이트,4
망간아미노산킬레이트,4
해바라기씨,4
야채,4
콜린,4
글리신아연,4
글리신마그네슘,4
셀레늄효소,4
감자 단백질,4
상세페이지 참고,4
건조 칠면조고기,4
비타민K1,4
비타민B3,4
비타민B5,4
비타민B9,4
킬레이트미네랄,4
건조치커리뿌리,4
백미,4
표고버섯,4
북어분말,4
영국산 자유방목 홀치킨,4
효모,4
셀룰로즈,4
해조,4
블랙베리,4
생통메롤루사,4
건조 소고기,4
콩 단백질,4
레드 렌틸 콩,4
알파파,4
케일 파우더,4
홍국쌀분말,4
상어연골,4
레드 렌틸콩,4
닭염통,4
홍국쌀 분말,4
로즈마리 엑기스,4
파파인,4
락토 바실러스 애시도 필러스,4
락토 바실러스 카제이,4
비피도 박테리움 서모필럼,4
엔테로코커스 훼시엄,4
완두콩단백,4
코코넛글리세린,4
호박가루,4
들깨가루,4
강황가루,4
사탕무우,4
천연항산화제,4
D판토텐산칼슘,4
건조청어,4
포스파티딜세린,4
마퀴베리,4
비타민미네랄,4
천연생선향,4
가수분해 식물성단백질,4
비타민B1 질산염,4
d칼슘 팬토테네이트,4
비타민B12 보충제,4
오트,4
메이즈,4
맥주 효모,4
토마토 포마스,4
건조 케일,4
밀,4
그린빈,4
콘글루텐,4
해초분말,4
유기농 완두콩,4
건조계육,4
완두식이섬유,4
분말셀룰로오스,4
닭간향료,4
돼지지방,4
녹색완두콩,4
L트립토판,4
말린 치커리 뿌리,4
유기농 닭고기,4
유기농 옥수수,4
천연향미제,4
유기농 참깨박,4
유기농 비트펄프,4
유기농 메밀,4
DL메치오닌,4
셀렌산 나트륨,4
돼지 심장,4
유기농 샐러리,4
누에콩,4
유기농 파슬리,4
오리 간,4
당근사과비트루트브로콜리,4
엽산 비타민 D3,4
카시아검,4
해바라기씨유,4
명태,4
바다소금,4
신선한 칠면조고기,4
보리순분말,4
난각가루,4
요오드소금,4
야채유,4
황산염 오수화물,4
망가누스II 산화물,4
신선한 생선 콩,4
단호박분말,4
트레할로스,4
엠에스엠,4
황태분말,4
비타민미네랄프리믹스,4
Lcasei,4
Lacidophilus,4
Lsalivarius,4
Lgasseri,4
Bbreve,4
Blongum,4
Lfermentum,4
Lreuteri,4
Lbulgaricus,4
Binfantis,4
Lbrevis,4
Lkimchii,4
전분,4
식물성 혼합유,4
대두단백,4
난황분,4
어분,4
크랜베리파우더,4
설탕,4
해바라기 레시틴,4
함수포도당,4
메밀가루,4
결명자,4
락토프리우유,4
마그네슘단백화합물,3
수분을 제거한 계란,3
자연건조 알팔파,3
완두콩가루,3
가금류지방,3
셀레늄,3
자유 방목 소의 생육과 장기,3
천연 채소 향,3
코코넛 가루,3
감자 전분,3
수분을 제거한 고구마,3
수분을 제거한 호박,3
닭 뼈 육수,3
자유 방목 돼지의 생육과 장기,3
감자플레이크,3
루핀분말,3
유채씨분말,3
대구 간유,3
유기농 시금치,3
수분을제거한고구마,3
수분을제거한계란,3
건조된바나나,3
건조된사과,3
수분을제거한양배추,3
건조된파슬리,3
건조된크렌베리,3
수분을제거한자연산연어,3
건조된마늘,3
닭뼈육수,3
야생에서 잡은 태평양 연어,3
닭목,3
글리신구리,3
천연칠면조향,3
주키니호박,3
허브,3
과일,3
건조 청어,3
청대구,3
킹아일랜드다시마,3
신선한비트크린,3
뉴질랜드 녹색홍합,3
닭 목,3
망간아미노산,3
미량 광물질 합제,3
효모제,3
초목추출물,3
토끼살코기,3
회향씨,3
비타민 및 미량광물질류 합제,3
오리심장,3
관절케어팩글루코사민,3
말살코기,3
인삼,3
갈매보리수나무열매,3
달걀껍질가루,3
규조토 비타민D3350IE,3
뼈를 발라낸 칠면조,3
미량광물질합체,3
오이,3
물냉이,3
말고기,3
비타민 A,3
비타민 D,3
비타민 B1 질산염,3
인,3
오리 심장,3
식이유황,3
아보카도,3
비트식이 섬유,3
오리지방,3
신선한메롤루사,3
생닭간,3
마리골드추출분말,3
아스타잔틴,3
아이오딘,3
가수분해 유기농 콩 단백질,3
유기농 콩분말,3
유기농 해바라기씨분말,3
호손베리분말,3
아마씨 오일,3
건조 쐐기풀,3
건조 로즈힙,3
콘트로이틴,3
연어분말,3
체리,3
치킨육수,3
타이오카전분,3
해조칼슘,3
프리바이오틱FOS,3
건조 호박,3
황산콘드로이틴,3
콘드로이틴,3
닭고기지방,3
칠면조 분말,3
카놀라 오일,3
북어,3
소기름,3
치킨윙팁,3
타피오카분말,3
건조계란,3
건조알파파,3
트리칼슘 인산염,3
비타미E보충제,3
D판토텐산칼슐,3
페퍼민트,3
가수분해 밀웜,3
크릴오일,3
가수분해 초록입 홍합 복합물,3
씨벅턴열매,3
딜,3
분리대두단백,3
GABA,3
피리독신,3
락토바실러스플란타럼,3
신선한 연어,3
유기농 쌀,3
화이트 피쉬,3
완두분,3
삼인산나트륨,3
인도적으로 사육한 돼지고기,3
농어,3
크렌베리,3
토끼고기,3
동애등애,3
치킨오일,3
마그네슘,3
오리 목,3
토끼,3
양 뼈,3
건조 완두콩,3
오트밀 분말,3
현미 분말,3
유채씨오일,3
건조 효모,3
건조 알팔파,3
천연 채소향,3
건조 렌틸콩,3
퀴노아 씨 분말,3
건조 블루베리,3
건조 시금치,3
건조 고구마,3
L아스코빌2폴리인산염,3
유카 시디게라 추출물,3
돼지뼈,3
건조 치커리뿌리,3
아스코르브산,3
아연 단백질화합물,3
철황산염,3
티아민모노니트레이트,3
소듐셀레나이트,3
황산구리,3
비타민A 아세테이트,3
콜레칼시페롤,3
쇠고기,3
소허파,3
미기스토코페놀,3
식물성기름,3
양,3
양허파,3
믹스토코페놀,3
그물눈태평양청어분말,3
자연건조알파파,3
올리브오일,3
복분자추출물,3
소 간,3
비타민A아세트산염,3
D판토넨산칼슘,3
단백질 산철,3
단백질 산 구리,3
코발트 단백 산염,3
망간 단백산염,3
요오드 산 칼슘,3
수분,3
탄산캴슘,3
만난,3
유기농 옥수수글루텐,3
연어어분,3
혼합인산칼슘,3
치커리식이섬유,3
통계란,3
난각파우더,3
아스코필럼 노도섬,3
포타슘클로라이드,3
콜린클로라이드구아검,3
카라기난,3
황산제일철,3
소디움셀레나이트,3
D칼슘판토텐산염,3
피리독신하이드로클로라이드,3
놓아 기른 칠면조 뼈 육수,3
생육칠면조 콩,3
천연향연어오일,3
사과즙,3
L테아닌,3
멸치,3
빌베리농축액,3
레드비트농축액,3
열처리유산균,3
아스코필럼노도섬,3
플란타 김치유산균엘2,3
플란타김치유산균엘2,3
초유단백질,3
돼지귀,3
오리힘줄,3
식이섬유,3
산양유요거트,3
미역,3
버터넛 스쿼시,3
캥거루고기,3
아미노산,3
소맥분,3
헥사메타인산염,3
유기농 코코넛 가루,3
표고버섯국산,3
베타카로텐,3
빌베리추출물,3
육수,3
전복,3
감초,3
유크림,3
밀글루텐,3
햄프씨드오일,3
가바,3
브로콜리 ,3
자연방목 유기농 치즈,3
놓아 기른 닭고기,2
자연산연어,2
염산,2
수분을 제거한 시금치,2
건조된 유기농 코코넛,2
수븐을 제거한 샐러리,2
건조된 크랜베리,2
천연 닭고기 향,2
감자단백질,2
난백,2
비타민비타민E보충제,2
리보플라빈보충제,2
비타민D3보충제미네랄,2
뉴질랜드 녹색 홍합,2
D판토텐산 칼슘,2
수분을 제거한 방목닭,2
수분을 제거한 샐러리,2
건조된 파파야,2
수분을 제거한 그린빈,2
건조된 바질,2
판토센산칼슘,2
비폴렌,2
밀싹,2
영국산 방목 생통닭,2
완두콩 섬유소,2
닭육수,2
양조 효모,2
시트러스 추출물,2
아일랜드 해조,2
렌틸콩 파우더,2
시금치 파우더,2
카모마일꽃,2
라벤더 파우더,2
수분을 제거한 파슬리,2
타임 비타민A8000IU,2
비타민DD31000IU,2
비타민E150IU,2
구리7mg,2
요오드16mg,2
아연80mg,2
갈은 연어,2
갈은 대구,2
열화칼륨,2
리버플라빈 보충제,2
신선한 닭 살코기,2
동애등에분말,2
유기농대두박,2
핀토빈,2
비타민합체,2
미네랄합체,2
인도적으로 사육한 닭고기,2
자유 방목 치킨의 생육과 장기,2
몬모랄로나이트,2
생통메롤루사생통고등어,2
사과섬유질,2
뼈를 발라낸 신선한 닭고기,2
생 통 정어리,2
생 통 고등어,2
생 가자미,2
생 통 볼락,2
생 통 솔피쉬,2
청어유,2
소콩팥,2
호주연어,2
해양미세조류오일,2
보리지,2
천일염 비타민D3350IE,2
루핀가루,2
계란껍데기,2
쿠민,2
포도씨유,2
뼈를 발라낸 연어,2
구리5mg,2
셀레늄01mg,2
월귤,2
서양쐐기풀,2
엘더플라워,2
망고,2
챠빌,2
돼지감자,2
유채씨유,2
비타민 B2,2
판토텐산,2
탄산마그네슘,2
화분,2
건조 캥거루 고기,2
구마,2
소고기 오일,2
돈지방,2
생메롤루사,2
가재,2
건조새우,2
홍합추출물,2
아마란스,2
부추,2
건조 양고기,2
양 오일,2
미네랄로즈마리 추출물,2
켈프해초,2
유산균효모추출물,2
닭고기 분말,2
렌틸,2
완두전분,2
닭고기가수분해단백질분말,2
미광량물질류합제,2
건조곤충단백질,2
녹색렌틸콩,2
치아시드,2
백리향,2
실꼬리돔,2
벨베리,2
건조오리고기,2
생선기름 ,2
곡류 ,2
제이안산칼슘,2
미량광물질류합제 ,2
메를루사,2
뼈를발라낸연어,2
신선한 오리고기,2
살몬 오일,2
건조 로즈마리,2
콘트로이친,2
초록잎홍합,2
래시틴,2
오메가3분말,2
로즈힙스분말,2
코엔자임 Q10,2
홍삼분말,2
인산삼칼륨,2
포마스,2
소고기오일,2
연어기름,2
가수분해닭간,2
갑각류껍질,2
연골,2
블루베리건조,2
클루코사민,2
물24,2
완두콩분말,2
완두콩섬유소,2
아보카도오일,2
로즈마리엑기스,2
파인애플줄기,2
파파야추출물,2
락토바실러스애시도필러스,2
락토바실러스카제이,2
비피도박테리움서모필럼,2
엔터로코커스훼시엄,2
카사바,2
완두콩 섬유,2
프리바이오틱MOS,2
포도씨,2
월귤나무 열매,2
메리골드,2
분쇄정맥,2
규조토 비타민 무첨가,2
영국산 자유방목 홀 칠면조,2
칠면조지방,2
해조오일,2
건조마리골드,2
아일랜드수제해조,2
뉴질랜드녹색입홍합,2
대두박,2
유기농 버터넛 스쿼시,2
통귀리,2
자유 방목한 소의 그린트라이프,2
돼지 뼈,2
돼지 신장,2
통건조란,2
천연 맛,2
뼈를 발라낸 언어,2
뼈를 발라낸 오리,2
제2인산칼슘,2
석류,2
L리진,2
말린 락토바실러스 아시도필러스 발효제품,2
말린 엔테로코커스 패시엄 발효제품,2
말린 로즈메리,2
갈은 돼지 뼈,2
비타민E 보충제 ,2
유기농 건조켈프,2
갈은 돼지뼈,2
몬모릴로나이트,2
인도적으로 사육한 칠면조,2
빵굽는 소다,2
온전한 정어리,2
유기농 콜라드 그린,2
유기농 호박씨앗,2
유기농 셀러리,2
유기농 퀴노아 새싹파우더,2
건조 유기농 켈프,2
토끼 간,2
토끼 신장,2
토끼 심장,2
생선 오일,2
실유카추출물,2
통현미,2
칠면조가슴살,2
사슴고기사슴트라이프,2
셀레니움,2
양 위,2
양 폐,2
양 혈장단백,2
양 간,2
계란 가공제품,2
맨하덴 생선,2
오일,2
건조 토마토,2
식용 게 분말,2
콜린 콜로라이드,2
구연산칼륨,2
칼슘판토테네이트,2
피리독신 하이드로클로라이드,2
비타민 B12 엽산,2
뉴질랜드 킹 살몬화이트피쉬,2
당근사과브로콜리,2
연어밀,2
건조 분쇄감자,2
분쇄 아마씨,2
치커리뿌리 추출물,2
신선함을 보존하기 위한 비타민E 믹스,2
글루코사민 염산염,2
황산 콘드로이틴,2
건조 락토바실러스 프란타룸,2
건조 엔테로커스 훼시움,2
건조 락토바실러스 카제이,2
건조 락토바실러스 애시도필러스,2
스피아민트추출물,2
셀룰로우스,2
호밀,2
완두콩섬유질,2
맥주건조효모,2
프로피온산칼슘,2
말린다시마,2
바실러스서프틸리스,2
아마씨가루,2
락토바실러스 가세리,2
바나,2
도미,2
L아르기닌,2
가수분해 오리 살코기,2
유기농 통 아마씨,2
가수분해 양 살코기,2
가수분해 연어 살코기,2
통기장쌀,2
건조 화이트 피쉬,2
완두콩 가루,2
비타민 B12보충제,2
락트산,2
혼합 토코페롤 보존,2
닭고기 지방,2
타히보,2
뼈를 포함한 연어,2
통아마씨,2
유산균,2
DHA 건조 해조류,2
신선한 닭 살코키,2
생 통청어,2
녹색입홍합분말,2
유기농 해바라기박,2
염산 L라이신,2
난황가루,2
땅콩호박,2
돼지,2
닭모래주머니,2
대구간오일,2
우엉,2
홍화유,2
화이트피쉬,2
메밀,2
레드비트,2
베리류색소,2
흥국색소,2
치자청색소,2
자색고구마,2
블루베리농축분말,2
한우우피,2
락토바실러스 플란타럼 유산균,2
오리지널 한우우피,2
초유단백분말,2
오징어먹물색소,2
요구르트향,2
명태 순살,2
혼합유산균21종,2
국내산 한우 우신,2
혼합유산균21종Lplantarum,2
Lrhamnosus,2
Lparacasei,2
Lhelveticus,2
Sthermophilus,2
Bbifidum,2
Banimalis ssp lactis,2
Llactis subsplactis,2
Lcitreum,2
혼합유산균21종 Lrhamnosus,2
Lplantarum,2
LHelveticus,2
Lpraracasei,2
Llactis,2
Bifidobacterium,2
Banimalisssp lactis,2
S thermophilus,2
L citreum,2
무농약당근,2
유기농쌀가루,2
시스틴,2
타피오피카전분,2
신선한 우유,2
아마씨분말,2
아세트산아연,2
향료,2
무항생제 돼지등심,2
계란노른자,2
그린트라이프,2
오리지널 쌀,2
박하 베지 곡류,2
무염 코티지치즈,2
소 우신,2
건조 당근조각,2
무항생제 돼지등심심장,2
유기농 무,2
무농약 밀싹,2
무항생제 닭가슴살심장,2
유기농 청경재,2
한우피,2
비타에스,2
무항생제 오리안심심장,2
고구마파우더,2
무항생제 닭가슴살,2
알래스카 자연산연어,2
오가닉 코코넛 오일,2
당귀농축분말,2
국내산 무항생제 닭가슴살,2
감귤섬유질,2
한우내피,2
불활성건조효모,2
오징어,2
마리골드추출물,2
코코코넛과즙,2
돼지장점막 가수분해단백,2
헥사메타인삼염,2
타트체리분말,2
트립토판,2
쑥,2
게맛살,2
고명지단,2
홍삼농축액,2
글루코사민염산염,2
변성전분,2
향미제,2
가수분해닭,2
소 허파,2
제1인산칼슘,2
당밀,2
아마씨섬유소,2
천연구연산,2
천연초산,2
천연복합토코페롤,2
해바라기 씨유,2
사슴 힘줄,2
글리신,2
유도단백질,2
햄,2
소음경,2
국내산무항생제오리안심,2
방울토마토,2
유기농 오트밀,2
케이지프리오리,1
염산리피독신,1
바티만B12보충제,1
놓아 기른 닭 뼈 육수,1
놓아 기른 닭 간,1
생선뼈육수,1
케이지프리닭,1
자연산명태,1
치아씨 오일,1
토코페롤 철 단백질 화합물,1
비타민 A 보퉁제,1
건조고구마,1
허브와과일,1
칠면조 지방,1
건조 비피도박테리움롱검 발효산물,1
사슴위,1
사슴심장,1
사슴폐,1
사슴간,1
사슴신장,1
사슴뼈,1
사슴연골,1
칠면조 뼈 육수,1
건조된병아리콩,1
수분을제거한셀러리,1
수분을제거한시금치,1
칠면조 고기,1
칠면조 등뼈,1
껍질콩,1
수분을 제거한 파스닙,1
수분을 제거한 흰강낭콩,1
수분을 제거한 유기농 코코넛,1
유기농 비트,1
유기농 스쿼시호박,1
닭 등뼈,1
껍질을 제거한 닭 목,1
참마,1
콜라드,1
닭뼈,1
수분을 제거한 놓아기른 오리,1
건조된 흰강낭콩,1
자유방복얼룩말고기,1
얼룩말간폐심장,1
얼룩말뼈,1
부분가수분해 효모,1
사과섬유,1
가수분해 식물성 단백질,1
치커리 뿌리,1
말린 해조류,1
생 칠면조고기,1
통 녹색 완두콩,1
생 민물고기,1
통 황색완두콩,1
동결 건조된 닭고기와 간,1
신성한통호박,1
건조된 치커리 뿌리,1
신선한 순무잎,1
신선한 비트그린,1
통 사스가툰베리,1
사과 식초,1
통 녹색완두콩,1
신선한 닭내장육,1
생 메롤루사,1
통 녹색렌틸콩,1
난백분,1
닭 뼈,1
오리 뼈,1
칠면조 뼈,1
칠면조 모래집,1
캥거루살코기,1
뼈를발라낸칠면조,1
칠면조분말,1
돼지고기 육수,1
해바라깅,1
미네랄탄산칼슘,1
제1인산나트륨,1
캐럽밀,1
배합첨가제,1
갈은 아마인,1
유채끼,1
오리살코기,1
파슬리 뿌리,1
연어살,1
연어껍질 및 뼈,1
뼈를 발라낸 돼지고기,1
차전자치,1
로즈힙가루 비타민A4000IU,1
비타민D3500IU,1
감자파스닙,1
계란껍데기분말,1
닭 내장,1
순무,1
호박씨분말,1
굴껍데기,1
서양자초,1
캐러웨이,1
규조토 비타민D3350IU,1
비타민E75IU,1
아연40mg,1
달걀 껍질 가루,1
규조토 비타민A4000IE,1
비타민D3500IE,1
아트초크잎,1
계란껍데기가루,1
달걀 껍데기 가루,1
말심장,1
아마씨유,1
신선한 닭살코기,1
뼈를발라낸오리,1
오리분말,1
자유 방목 치킨의 생육과 장기와 뼈,1
뉴질랜드산 야생 호키,1
글리산구리,1
멜론,1
밤,1
마인유,1
근괴류,1
셀러리 뿌리분말,1
통 황색 완두콩,1
샐러리줄기,1
닭고기와 갈은뼈,1
닭의 심장,1
양 트라이프,1
닭의 간,1
호키생선 간유,1
아연 아미노산 복합체,1
철 아미노산 복합체,1
구리 아미노산 복합체,1
망간 아미노산 복합체,1
비타민B,1
완두 분말,1
토카토,1
아보카도 오일,1
세이지 추출물,1
치커리 이눌린,1
티아민 ,1
도라지추출물,1
완두콩 분말,1
연어 분말,1
효모 추출물,1
토코페롤 추출물,1
지방산에스테르,1
타조고기,1
농축대두단백,1
아스코르빈산,1
치킨간,1
생선단백질,1
소고기 간,1
보충제,1
돼지고기후지살,1
콜리플러워,1
허브 및 과일,1
만난올리고당kg,1
모하비 유카,1
카모마일 건조,1
d칼슘 팬포테네이트,1
혼합 파프리카,1
건조 바질,1
소,1
L카르이틴,1
물25,1
닭고기 심장,1
건조한 통 연어,1
건조한 통 바다생선,1
신선한 통 연어,1
신선한 통 바다생선,1
순수 닭고기 오일,1
건조한 통계란,1
닭 육즙,1
노르웨이 연어 오일,1
원두콩,1
L카루니틴,1
천연 토코페롤,1
제이인칼슘,1
L티로신,1
마키베리,1
그린애플,1
달래,1
쐐기풀,1
처빌 비타민 무첨가,1
노란완두콩,1
참외,1
부추 비타민 무첨가,1
아스파라거스,1
육포,1
돈지,1
옥수수글루텐,1
파스팁,1
완숙토마토,1
복숭아,1
장미꽃잎,1
건조사탕무박 천연향료,1
염화콜린 DL메티오닌,1
냉이,1
옥수수클루텐박,1
적양배추,1
유기농 옥수수단백,1
연어단백,1
유기농 해바라기씨박,1
혼합 인산칼슘,1
석회석,1
맥반석,1
아르기닌,1
건조 바다 화이트피쉬,1
대구간유,1
스쿼시 호박,1
인산 이칼슘,1
비티민 E 보충제,1
뉴질랜드 초록입홍합,1
생메추리고기,1
뉴질랜드초록홍합,1
건조 바다생선,1
해덕,1
당근 스쿼시호박,1
자연건조 알파파,1
비타민 B12 보퉁제,1
탈수곤충,1
양조장의효모,1
유기해바라기오일,1
동물단백질가수분해,1
차아씨,1
유기농 해바라기유,1
천연야채향,1
건조 페디오코커스,1
애시디락티스 발효산물,1
피리독신염산엽,1
자유방복타조고기,1
타조간모래주머니,1
타조뼈,1
뉴질랜드 그린 램 트라이프,1
양고기 육수,1
염소고기,1
염소 위,1
흑점줄전갱이,1
염소 간,1
염소 심장,1
염소 폐,1
염소 신장,1
염소 뼈,1
칠면조고기와 뼈,1
자유방복돼지고기,1
돼지간폐심장,1
버터넛스쿼시,1
오리 모래주머니,1
비트루트,1
닭고기분말,1
L아스코빌2폴리인산아연,1
락토바실러스,1
아시도필루스,1
NAcetylGlucosamine,1
흰강낭콩추출분말,1
가르시니아캄보지아추출분말,1
사바나야생토끼,1
토끼고기와 뼈,1
오레가노잎,1
징크,1
곡류 타피오카 전분,1
미량광물질합류합제,1
돼지플라스마,1
대구간,1
쿠아검,1
사바고등어,1
칠면조30,1
닭고기탈수,1
말린사과,1
대나무리그노셀룰로오스,1
허브및과일,1
만난올리고당,1
모하비유카,1
카모마일건조,1
"초록입홍합,mgkg",1
소고기 육수,1
소 신장,1
사슴 위,1
사슴 폐,1
소 뼈,1
양 신장,1
사슴 신장,1
사슴 뼈,1
N아세틸글루코사민,1
복분자 추출물,1
비프,1
인도적으로 사육한,1
뼈바른닭고기,1
흰살생선 분말,1
건조 병아리콩,1
완두단백질,1
맨하덴 생선오일,1
건조 생강,1
콜린콜로라이드,1
아연황산염,1
칼슘 단백질 화합물,1
피리독신 하이드로콜로라이드,1
닭고기와 뼈,1
뼈껍질바른연어,1
신선한 닭,1
건조한 칠면조,1
건조한 닭,1
순수 닭고기 기름,1
통계란 분말,1
건조한 연어,1
흰살생선 육수,1
흰살생선껍질,1
냉장 닭,1
감자과립,1
완두콩섬유,1
미네랄 ,1
돼지신장,1
뼈바른칠면조,1
해초 비타민 무첨가,1
닭 모래 주모니,1
망간 단밸직 화합물,1
가수분해 연어고기,1
유기농 살,1
유기농 해바라기,1
엽산 L라이신,1
뉴질랜드 녹색입홍합,1
밀크 시슬 분말,1
건조 마리골드,1
토마토 추출물,1
락토바실러스 아시도필루스,1
돼지염통,1
황태가루,1
난각,1
시슬허브,1
해바라기 씨,1
스쿼시,1
발아 퀴노,1
투메릭,1
셀러리,1
놓아 기른 칠면조 고기,1
놓아 기른 칠면조 간,1
오트밀,1
아티초크,1
거위,1
베리,1
황산염오수화물,1
망가누스II산화물,1
캐러웨이 씨앗,1
말토오스,1
말티톨시럽분말,1
난소화성말토덱스트린,1
올리고당가공품,1
요구르트향혼합제,1
피비도박테리움 비피덤 BGN4분말,1
비피도박테리움 애니말리스 락티스 AD011 분말,1
락토바실러스 파라카제이 CH88분말,1
비피도박테리움 롱검 BORI 분말,1
방울양배추,1
그린빈스,1
치자황색소,1
비타민복합제,1
미네랄복합제,1
결정셀룰로오스,1
홍삼농축분말,1
녹용추출분말,1
다래추출물,1
당귀분말,1
글루칸30,1
산수유분말,1
레드믹스 ,1
옐로우믹스 ,1
그린믹스 ,1
퍼플믹스 ,1
치즈분말,1
결정셀롤로오스,1
헤마토코쿠스추출물,1
치커리뿌리추출물,1
기타가공품,1
SHMP 마누카꿀 한우우피,1
MSM 산양유 한우우피,1
프로폴리스 추출 분말,1
유기농 밀가루,1
귀리 가루,1
호밀 가루,1
캐롭파우더,1
바나나분말,1
가자미,1
크런치팝 쌀,1
치자황색소 요거코코 쌀,1
연어연어,1
프로폴리스 북어명태 순살,1
닭가슴,1
단호박 한우우피,1
무농약 단호박 고구마 한우우피,1
무농약 고구마,1
무농약고구마,1
무농약브로콜리,1
무농약아로니아,1
무농약딸기,1
무농약단호박,1
야생화꿀,1
무뇽약아로니아 외 정제수,1
자연산 열빙어,1
계란 노른자100,1
무항생제 한돈등심,1
시나몬파우더,1
명태포,1
미니양배추 ,1
뉴질랜드 비프 그린 트라이프,1
뉴질랜드 녹색입 홍합,1
말리톨,1
이소말토올리고당,1
CMCNa,1
글리세린모노스테아레이트,1
베리요거트 닭가슴살,1
요거트,1
대구살,1
자연산 연어,1
놓아 기른 칠면조,1
유기농 그린빈,1
유기농 생강가루,1
식물성글리세린05 믹스,1
토코페롤05,1
놓아 기른 닭뼈 육수,1
건조 돼지고기 간,1
피로인산염,1
프로피온산나트륨,1
상세페이지 참조,1
칠면조 힘줄,1
시금치켈프,1
천연허브,1
곤충단백질,1
페퍼민트분말,1
100 국내산 유기농 사과,1
식물성 글리세린05,1
믹스 토코페롤05,1
라즈베리,1
매생이,1
코코넛 글리세린,1
증류식초,1
국내산 산양유,1
열빙어,1
정제포도당,1
불활성건조 효모,1
세라마이드,1
코코넛 분말,1
오케가3,1
배추,1
키위,1
LArginine,1
MCT Powder,1
중력분,1
클리콜,1
인산염,1
육풍시즈닝,1
칼슘용액,1
황기,1
100 국내산 유기농 배,1
로즈메리,1
마리골드분말,1
크릴분말,1
도라지 분말,1
복분자분말,1
오리 안심,1
매스틱검,1
울금가루,1
당근고구마 닭가슴살,1
"비타민D,",1
상어연골분말,1
무항생제 돼지고기,1
대구껍질,1
감자분말,1
작두콩분말,1
케르세틴,1
울금추출분말,1
표고버섯분말,1
NAcetylglucosamine,1
흰강낭콩추출물,1
연여,1
미네랄합제타우린,1
미세조류,1
바실러스코아글란스,1
클루렐라,1
바나나 분말,1
땅콩버터,1
밀크씨슬추출물,1
이노시톨,1
무농약 딸기,1
단호박시금치 닭가슴살,1
마리골드 추출물,1
도라지추출분말,1
닭고기 ,1
한우간 ,1
황태70,1
용과,1
치킨파우더,1
대두레시틴,1
황산콘드로이친,1
맥주효모파우더,1
역돔,1
신선한 송어,1
생선 육수,1
서양호박,1
정제어유,1
가수분해단백질,1
비타민B1라우릴황산염,1
비타민믹스,1
모노글리세라이드,1
셀룰로오스검,1
천연가금향,1
100 국내산 유기농 딸기,1
돼지족발,1
폴리인산나트륨,1
맥아분,1
닭고기 가공분,1
비타민 ECA,1
무염북어,1
100 천연 코코넛 오일,1
호아태,1
어성초,1
맥아,1
당귀,1
천궁,1
갈근,1
인동,1
열빙어 ,1
돼지고기 뒷다리살,1
양배추추출분말,1
함수구연산,1
안식향산나트륨,1
참치향,1
황칠나무,1
우슬,1
마가목,1
울금,1
카세인나트륨,1
푸마르산,1
티타늄디옥사이드,1
소듐데하이드로아세테이트,1
황태채,1
황태엑기스,1
차가버섯추출분말,1
삼백초,1
붉나무,1
오미자,1
구기자,1
명태 ,1
달맞이오일,1
캥거루 갈비,1
가수분해대두,1
오메라3,1
가다랑어,1
혼합 유산균,1
자색고구마분말,1
은대구 간,1
소 비장,1
파마산 치즈,1
아마씨 파이버,1
사탕수수당밀,1
천연 산미제,1
천연 산미자,1
바닐라추출물,1
포크 돼지고기 뒷다리살,1
프로테아제 치킨 닭가슴,1
프로테아제 덕 오리,1
프로테아제 비프 소고기,1
오리지널 소 우신,1
마누카꿀 소 우신,1
양고기 ,1
레몬즙,1
DHA골드,1
연어 ,1
팜유,1
닭고기 즙,1
말릭에시드,1
구연산나트륨,1
닭육수농축액,1
송아지힘줄,1
사탕수수,1
소르빈산 칼륨,1
캥거루 힘줄,1
돼지사골,1
황다랑어 ,1
사슴근육,1
소근육,1
캥거루 ,1
가수분해 대두단백,1
가수분해 오리고기,1
"연근,",1
건조시금치,1
소의기관,1
캥거루다리뼈,1
캥거루 너클본,1
닭안심,1
한우허파,1
칠면조목뼈,1
한우소간,1
자연산첨연어,1
무항생제캥거루정육,1
사슴 녹각,1
사슴 갈비,1
조단백1382이상,1
조지방06이하,1
조섬유이하,1
조회분109이하 ,1
수분이하 사용원료 국내산무항생제오리안심,1
국내산메추리알,1
국내산쌀가루,1
국내산당근,1
국내산시금치,1
국내산브로콜리,1
연어져키 자연산첨연어,1
파슬리 열빙어져키 열빙어,1
아카시아꿀,1
흑임자분말,1
국내산무항생제오리목뼈,1
캥거루꼬리뼈,1
국내산무항생제오리근위,1
적채,1
복분자,1
사과초모식초,1
마,1
부,1
",사과초모식초",1
연어도미,1
무항생제 제주 말,1
무항생제 캥거루,1
무항생제 말고기,1
캥거루갈비뼈,1
